n_total,n_valid,mean,std,se,ci_lower,ci_upper,ci_level,dist
200,200,1656.43,476.966034524962,33.7265917408258,1589.92262670137,1722.93737329863,0.95,t
