n_total,n_valid,mean,std,se,ci_lower,ci_upper,ci_level,dist
200,200,758.645000000003,199.118481874787,14.0798028793232,730.880240570346,786.409759429659,0.95,t
