n_total,n_valid,mean,std,se,ci_lower,ci_upper,ci_level,dist
200,200,8972.07500000065,21.3041948590587,1.506434065256,8969.10437748719,8975.04562251412,0.95,t
