n_total,n_valid,mean,std,se,ci_lower,ci_upper,ci_level,dist
200,200,4550.68999999984,54.3636915116399,3.84409349182142,4543.10961468193,4558.27038531775,0.95,t
