n_total,n_valid,mean,std,se,ci_lower,ci_upper,ci_level,dist
200,200,3682.33500000001,292.137492196242,20.6572401770794,3641.59982004664,3723.07017995338,0.95,t
