n_total,n_valid,mean,std,se,ci_lower,ci_upper,ci_level,dist
200,200,4315.2549999999,376.643453988128,26.6327140404529,4262.73644525664,4367.77355474315,0.95,t
